{"-MENU-": "Save", "-COMBOTYPER-": "Reverse", "-INPUTRNS-": "4", "-INPUTRBP-": "5", "-INPUTRBT-": "25", "-COMBOMAINMATERIALR-": "s316", "-COMBOSEALMATERIALR-": "tef", "-COMBOSUBATERIALR-": "s316", "-CBANMR-": true, "-SPINRQTY-": 1, "-CBWRCR-": true, "-CBWJLR-": true, "-CBSENR-": false, "-CBTAGR-": false, "-CBSHPR-": true, "-CBBXGR-": true, "-TABLE-": [], "-GRAPH-": [null, null], "-COMBOTYPEH-": "Reverse", "-INPUTHNS-": "1", "-COMBOMAINMATERIALH-": "monel ", "-CBGKTH-": true, "-SPINHQTY-": 1, "-HGRAPH-": [null, null], "-MLINEH-": "", "-TAB GROUP-": "Rupture Disks"}